title,description,url,category
Marvel Rivals' Recent Layoffs Affected 6 People in NetEase's US Office - 80.lv,"The initial reports about ""significant layoffs"" at NetEase turned out to be significantly exaggerated.",https://80.lv/articles/marvel-rivals-recent-layoffs-affected-6-people-from-netease-s-us-office/,technology
iPhone 16E Name is Increasingly Likely Instead of iPhone SE 4 - MacRumors,"Apple is expected to announce a new entry-level iPhone model tomorrow, and it is increasingly likely that the device will be named iPhone 16E.   Most...",https://www.macrumors.com/2025/02/18/iphone-16e-name-is-likely/,technology
Google app on iOS removing Gemini as it pushes users to full app - 9to5Google,The Google app for iOS is removing Gemini support as the company pushes iPhone users to the full Gemini app.,http://9to5google.com/2025/02/18/google-app-removes-gemini/,technology
OnePlus Watch 3 is missing an important feature in the US and Canada - GSMArena.com news - GSMArena.com,The company has come clean about the limitation. Earlier today OnePlus made the Watch 3 official without much fanfare. It builds upon the seeming success...,https://www.gsmarena.com/oneplus_watch_3_is_missing_an_important_feature_in_the_us_and_canada-news-66603.php,technology
‘Pokémon Go’ Maker Nears $3.5 Billion Deal to Sell Games Unit - Bloomberg,"Niantic Inc., the company behind the 2016 hit Pokémon Go, is in talks to sell its video-game business to Saudi Arabia-owned Scopely Inc., according to several people familiar with the discussions.",https://www.bloomberg.com/news/articles/2025-02-19/-pokemon-go-maker-nears-3-5-billion-deal-to-sell-games-unit,technology
Batman: Arkham games among those losing PhysX powers on newer Nvidia GPUs - Ars Technica,The 32-bit tech on older games can’t bring snazzy effects forward.,https://arstechnica.com/gadgets/2025/02/batman-arkham-games-among-those-losing-physx-powers-on-newer-nvidia-gpus/,technology
Humane is shutting down the AI Pin and selling its remnants to HP - The Verge,"HP has acquired Humane, its AI platform Cosmos, and its employees for $116 million following the rocky rollout of its AI Pin.",https://www.theverge.com/news/614883/humane-ai-hp-acquisition-pin-shutdown,technology
Huawei’s record-breaking Mate XT tri-fold is officially available worldwide - 9to5Google,The tri-fold market is officially off to a hot start as Huawei has announced the now globally available Mate XT....,http://9to5google.com/2025/02/18/huawei-mate-xt-launch-global/,technology
Microsoft warns that the powerful XCSSET macOS malware is back with new tricks - Ars Technica,XCSSET has been targeting Mac users since 2020.,https://arstechnica.com/security/2025/02/microsoft-warns-that-the-powerful-xcsset-macos-malware-is-back-with-new-tricks/,technology
Auto-Download Your Kindle Books Before February 26th Deadline - Hackaday,"With the news that Amazon will no longer be allowing users to download their Kindle books after February 26th, many are scrambling to download their books before it’s too late. The most up-to…",https://hackaday.com/2025/02/18/auto-download-your-kindle-books-before-february-26th-deadline/,technology
Xbox CEO Confirms What We Knew: The Console Wars Are Over - Kotaku,Phil Spencer is no longer trying to get PlayStation or Nintendo fans to switch consoles,https://kotaku.com/xbox-ceo-phil-spencer-console-wars-over-ps5-switch-era-1851765304,technology
Magic: The Gathering - Final Fantasy Cards Are Up for Preorder at Amazon - IGN,"Everything you need to know to buy Magic: The Gathering's huge Final Fantasy expansion, including what SKUs are available, where you can get them, how much they cost, and more.",https://www.ign.com/articles/where-to-buy-magic-the-gathering-final-fantasy-cards,technology
"CoD: Black Ops 6 And Warzone Season 2 Reloaded Adds TMNT Event, Plus Splinter Included In Paid Pass - GameSpot","The TMNT crossover includes shop bundles for the turtles, but the special event passes add Splinter and Foot Clan soldiers as rewards.",https://www.gamespot.com/gallery/cod-black-ops-6-and-warzone-season-2-reloaded-adds-tmnt-event-plus-splinter-included-in-paid-pass/2900-6270/,technology
iPhone 17 Pro Models Rumored to Feature Aluminum Frame Instead of Titanium Frame - MacRumors,"Over the years, Apple has switched from an aluminum frame to a stainless steel frame to a titanium frame for its highest-end iPhones. And now, it has...",https://www.macrumors.com/2025/02/18/iphone-17-pro-models-aluminum-frame-rumor/,technology
Spotted: A Specialized Downhill Bike with Two Chains - Pinkbike.com,We wish a review of this Tauheed K. Epps-inspired DH bike were coming tomorrow.,https://www.pinkbike.com/news/spotted-specialized-downhill-bike-with-two-chains.html,technology
31.6 Patch Notes - Hearthstone,"Patch 31.6 opens the portal Into the Emerald Dream, Hearthstone’s next expansion!",https://playhearthstone.com/en-gb/blog/24179332/,technology
Chinese hackers abuse Microsoft APP-v tool to evade antivirus - BleepingComputer,"The Chinese APT hacking group ""Mustang Panda"" has been spotted abusing the Microsoft Application Virtualization Injector utility as a LOLBIN to inject malicious payloads into legitimate processes to evade detection by antivirus software.",https://www.bleepingcomputer.com/news/security/chinese-hackers-abuse-microsoft-app-v-tool-to-evade-antivirus/,technology
Windows 11 update breaks File Explorer - among other glitches - ZDNet,Microsoft's latest Patch Tuesday fixed several bugs but triggered several problems. Some users are struggling just to install the security update.,https://www.zdnet.com/article/windows-11-update-breaks-file-explorer-among-other-glitches/,technology
Fellowship Hands-on and Q&A – A Game All About MMO-like Dungeons - Wccftech,We've checked out the upcoming 'multiplayer online dungeon adventure' game Fellowship and talked with the developers ahead of public playtest,https://wccftech.com/fellowship-hands-on-and-qa-a-game-all-about-mmo-like-dungeons/,technology
Latest Pixel 9a leak offers best look yet at display bezels and detailed specs [Gallery] - 9to5Google,"The latest Pixel 9a leak is one of the biggest yet, offering a closer look at the display bezels and the full specs of the device.",http://9to5google.com/2025/02/18/google-pixel-9a-leak-display-bezels-detailed-specs/,technology
HSBC Expects Revamp to Cost $1.8 Billion Over Two Years - Bloomberg,HSBC Holdings Plc will incur $1.8 billion in charges over the next two years as it embarks on a global restructuring program that has seen the lender shutter some of its businesses and slash management ranks.,https://www.bloomberg.com/news/articles/2025-02-19/hsbc-sees-1-8-billion-cost-over-two-years-in-elhedery-revamp,business
"Trump plans to impose 25% tariffs on autos, chips and pharmaceuticals - CNN",President Donald Trump said on Tuesday that he plans to impose tariffs of around 25% on auto imports as well as semiconductors and pharmaceuticals shipped to the United States as early as April 2.,https://www.cnn.com/2025/02/19/economy/us-new-tariff-plans-trump-intl-hnk/index.html,business
UK inflation leaps to higher-than-expected 3% in January - CNBC,Economists polled by Reuters had expected a January reading of 2.8%.,https://www.cnbc.com/2025/02/19/uk-inflation-in-january-2025.html,business
Stock futures are little changed after S&P 500 clinches record high: Live updates - CNBC,Investors continue to largely shake off concerns around persistent inflation and tariffs.,https://www.cnbc.com/2025/02/18/stock-market-today-live-updates.html,business
"Asian Stock Rally Pauses, China Tech Shares Gain: Markets Wrap - Yahoo Finance","(Bloomberg) -- Asian stocks pulled back after a five-day rally that pushed a regional gauge into overbought territory, as investors turned cautious amid...",https://finance.yahoo.com/news/asia-traders-cautious-trump-floats-225452223.html,business
Fast-food giant KFC leaves Kentucky home for Texas - BBC.com,Move away from its ancestral home is part of a wider shakeup at its parent company Yum Brands.,https://www.bbc.com/news/articles/crknmjer7peo,business
Elon Musk expresses interest in sending out DOGE checks - POLITICO,The proposal calls for sending 20 percent of savings back to taxpayers.,https://www.politico.com/news/2025/02/18/musk-doge-checks-00204813,business
Southwest Airlines makes drastic cost-cutting decision - TheStreet,The airline is proving that it is serious about cutting costs amid recent headwinds.,https://www.thestreet.com/travel/southwest-airlines-makes-drastic-cost-cutting-decision,business
"US Postal Service head DeJoy to step down after 5 years marked by pandemic, losses and cost cuts - CNN","Louis DeJoy, the head of the US Postal Service, intends to step down, the federal agency said Tuesday, after a nearly five-year tenure marked by the coronavirus pandemic, surges in mail-in election ballots and efforts to stem losses through cost and service c…",https://www.cnn.com/2025/02/18/politics/louis-dejoy-usps-postmaster-general-steps-down/index.html,business
Dramatic video shows moment Delta plane flipped after landing in Toronto - ABC News,,https://abcnews.go.com/US/dramatic-video-shows-moment-delta-plane-flipped-after/story?id\\u003d118921357,business
FDA’s food safety head resigns over mass layoffs - Yahoo,"Jim Jones, the head of the Food and Drug Administration’s (FDA) food division, resigned Monday, citing the mass firings of agency staff. According to a copy ...",https://thehill.com/policy/healthcare/5152084-fdas-food-safety-head-resigns/,business
Rocket Lab launches sharp-eyed Earth-observation satellite to orbit - Space.com,"The ""Fasten Your Space Belts' mission lifted off at 6:17 p.m. ET today (Feb. 18).",https://www.space.com/space-exploration/launches-spacecraft/rocket-lab-launch-blacksky-first-gen-3-satellite,business
Pershing Square Makes New Offer to Increase Howard Hughes Ownership - The Wall Street Journal,$900 million investment would make Bill Ackman the new chief executive of the real-estate company,https://www.wsj.com/finance/investing/pershing-square-makes-new-offer-to-increase-howard-hughes-ownership-8a6a6e58,business
"Argentine president defends his cryptocurrency tweet after crash, comparing losses to gambling - CNN","Argentine President Javier Milei has defended himself for promoting a cryptocurrency whose value collapsed within hours of its launch, likening those who invested in the token after his endorsement to gamblers at casinos.",https://www.cnn.com/2025/02/18/americas/argentina-milei-defends-libra-crypto-tweet-intl-latam/index.html,business
DOGE Reportedly Cuts FDA Employees Investigating Neuralink - Gizmodo,"The FDA previously found Musk's company was engaging in ""objectionable conditions or practices.""",https://gizmodo.com/doge-reportedly-cuts-fda-employees-investigating-neuralink-2000565213,business
Cadence Design Systems Stock Sinks On Soft 2025 Guidance - Investor's Business Daily,,https://www.investors.com/news/technology/cdns-stock-cadence-design-systems-q4-2024-earnings/,business
I Just Figured Out What Elon Musk’s DOGE Really Is - Slate,It’s how things worked when you went to the Cosa Nostra to ask for protection for you and your family in exchange for some portion of your own resources.,https://slate.com/news-and-politics/2025/02/elon-musk-doge-trump-mafia-dahlia-lithwick.html,business
"S&P 500 Gains and Losses Today: Intel Stock Pops on TSMC, Broadcom Deal Report - Investopedia","The S&P 500 gained 0.2% on Tuesday, Feb. 18, 2025, posting a record close to kick off an abbreviated trading week that will see the release of the Fed's latest meeting minutes.",https://www.investopedia.com/sandp-500-gains-losses-today-intel-stock-pops-tsmc-broadcom-report-bids-11681339,business
BYU hands No. 23 Kansas back-to-back losses with 3rd straight win - KSL.com,"Richie Saunders erupted for 22 points with three assists and four 3-pointers, and BYU shot 53% from the field in a wire-to-wire rout of the Jayhawks.",https://www.ksl.com/article/51256357/byu-hands-no-23-kansas-back-to-back-losses-with-3rd-straight-win,sports
"2025 NFL free agency: Ranking top 25 offensive free agents with plenty of veteran receivers, O-linemen - CBS Sports","If you are looking for some offensive line help, there's plenty to choose from",https://www.cbssports.com/nfl/news/2025-nfl-free-agency-ranking-top-25-offensive-free-agents-with-plenty-of-veteran-receivers-o-linemen/,sports
"Johnson, Bilodeau React to the Loss to Minnesota, Needing to be Better - 247Sports",UCLAs Kobe Johnson and Tyler Bilodeau were clearly upset after the loss to Minnesota and discussed what went wrong in the game,https://247sports.com/college/ucla/article/ucla-basketball-bruins-kobe-johnson-tyler-bilodeau-react-loss-to-minnesota-245885542/,sports
Champions Trophy returns today with a lot at stake - The Times of India,"Cricket News: The ICC Champions Trophy returns after more than seven years, with Pakistan hosting an ICC tournament for the first time since 1996. Rivalries, partic",https://timesofindia.indiatimes.com/sports/cricket/icc-champions-trophy-2025/champions-trophy-returns-today-with-a-lot-at-stake/articleshow/118374258.cms,sports
Kevin Durant explains why he nixed Warriors trade at NBA deadline - New York Post ,"Kevin Durant revealed why he did not want to run to return to the Bay Area, and it had nothing to do with his past experiences with the Warriors.",https://nypost.com/2025/02/18/sports/kevin-durant-explains-why-he-nixed-warriors-trade-at-nba-deadline/,sports
"Vincent Kompany delighted with Bayern Munich’s 1-1 draw with Celtic, all things considered - Bavarian Football Works","On paper, a 1-1 draw vs. Celtic isn’t much, but Bayern Munich is now through to the Champions League round of 16.",https://www.bavarianfootballworks.com/2025/2/19/24366999/bayern-munich-celtic-uefa-champions-league-vincent-kompany-reaction-win-alphonso-davies-kuhn-ucl,sports
TGL results: Tiger Woods makes 'embarrassing' mistake as Jupiter Links GC gets routed by New York Golf Club - CBS Sports,"Woods is usually on his game, but neither he nor Jupiter Links were in the zone on Tuesday night in the fourth TGL match across two days",https://www.cbssports.com/golf/news/tgl-results-tiger-woods-makes-embarrassing-mistake-as-jupiter-links-gc-gets-routed-by-new-york-golf-club/,sports
"Tiger Woods, Jupiter Lose TGL Matchup as Fans Applaud Rickie Fowler, NYGC's 1st Win - Bleacher Report",,https://bleacherreport.com/articles/25157984-tiger-woods-jupiter-lose-tgl-matchup-fans-applaud-rickie-fowler-nygcs-1st-win,sports
ABS challenge system to feature in spring games - ESPN,Thirteen spring stadiums and over 60% of Cactus and Grapefruit League games will feature an automated ball-strike (ABS) challenge system.,https://www.espn.com/mlb/story/_/id/43911443/spring-training-games-feature-automated-ball-strike-challenge-system,sports
"Matt Eberflus has a plan for Micah Parsons, hopes to make him even better - NBC Sports",Micah Parsons is a defensive end.,https://www.nbcsports.com/nfl/profootballtalk/rumor-mill/news/matt-eberflus-has-a-plan-for-micah-parsons-hopes-to-make-him-even-better,sports
"Virginia Women Shatter NCAA Record in the 800 Free Relay, Now Hold All 5 NCAA Relay Marks - SwimSwam",Gretchen Walsh led off Virginia's 800 free relay with the second-fastest 200 free in history; from there the Cavaliers never looked back to the record line.,https://swimswam.com/virginia-women-shatter-ncaa-record-in-the-800-free-relay-now-hold-all-5-ncaa-relay-marks/,sports
"Sources: Team USA, Bruins’ Charlie McAvoy is week-to-week after procedure to clear infection - Daily Faceoff",McAvoy was ruled out of Thursday’s 4 Nations Face-Off winner-take-all championship game against Canada.,https://www.dailyfaceoff.com/news/sources-team-usa-boston-bruins-charlie-mcavoy-is-week-to-week-after-procedure-to-clear-infection,sports
Steve Cohen will battle with himself — and starving Mets fans will win - New York Post ,Steve Cohen has visions of dropping below what even he wryly called on Tuesday the “Cohen Tax” threshold.,https://nypost.com/2025/02/18/sports/steve-cohen-will-battle-with-himself-and-starving-mets-fans-will-win/,sports
"College football's credibility at stake as Big Ten, SEC aim to tighten stranglehold on playoff access - CBS Sports",The two power leagues are seeking four automatic bids apiece as talks are scheduled to resume on Wednesday,https://www.cbssports.com/college-football/news/college-footballs-credibility-at-stake-as-big-ten-sec-aim-to-tighten-stranglehold-on-playoff-access/,sports
Motorsport.com ranks every 2025 F1 livery - Motorsport.com,"The 2025 F1 season has arrived, beginning with a history-making reveal of all 10 team's liveries for the year. What's the best-looking one to grace the stage? You'll have to see them all to find out.",https://www.motorsport.com/f1/news/motorsportcom-ranks-every-2025-f1-livery-/10696926/,sports
Source: Giroud's L.A. home robbed in $500K heist - ESPN,"LAFC striker Olivier Giroud lost approximately $500,000 worth of jewelry when his Los Angeles home was burglarized earlier this month, a source told ESPN.",https://www.espn.com/soccer/story/_/id/43909762/lafc-striker-giroud-home-robbed-500k-heist,sports
Cubs To Sign Justin Turner - MLB Trade Rumors,The Chicago Cubs have reached an agreement with free agent Justin Turner.,https://www.mlbtraderumors.com/2025/02/cubs-close-to-signing-justin-turner.html,sports
The Real Madrid starting lineup that has a 99% chance of beating Manchester City - AS USA,Antonio Rüdiger is fit to return for the Champions League knockout phase playoff game and will renew his titanic battle with Erling Haaland.,https://en.as.com/soccer/the-real-madrid-starting-lineup-that-has-a-99-chance-of-beating-manchester-city-n/,sports
Rob Manfred Defends Dodgers Amid MLB Fan Criticism Over Spending Spree - Sports Illustrated,MLB commissioner Rob Manfred defended the Dodgers from fan criticism over the club's spending in free agency.,https://www.si.com/mlb/rob-manfred-defends-dodgers-amid-mlb-fan-criticism-over-spending-spree,sports
"Saints Hire Scott Tolzien, T.J. Paganetti; ‘Zeroing In’ On Doug Nussmeier As OC - profootballrumors.com",The Eagles are continuing to fill out the staff of new head coach Kellen Moore.,https://www.profootballrumors.com/2025/02/saints-hire-scott-tolzien-t-j-paganetti-zeroing-in-on-doug-nussmeier-as-oc,sports
Diagnostic dilemma: Weakness in a man's leg revealed his abnormally small brain - Livescience.com,"A man went to hospital complaining about weakness in his left leg, and subsequent brain scans revealed a surprising finding.",https://www.livescience.com/health/diagnostic-dilemma-weakness-in-a-mans-leg-revealed-his-abnormally-small-brain,health
Here’s What You Should Know If You Drink Ginger Ale To Settle Your Stomach - BuzzFeed,Sorry to burst your bubble.,https://www.buzzfeed.com/kelseyborresen/does-ginger-ale-actually-help-upset-stomach-sc,health
"The dietary supplements you think are improving your health may be damaging your liver, research warns - Fortune",A 2022 study in the journal Liver Transplantation found that liver failure tied to herbal and dietary supplements had increased eightfold from 1995–2020.,https://fortune.com/well/article/dietary-supplements-can-cause-liver-damage/,health
3 more Portland-area cats test positive for bird flu as infections spread - OregonLive,At least four Oregon cats have been euthanized in the past two months after developing severe symptoms from bird flu.,https://www.oregonlive.com/health/2025/02/3-more-portland-area-cats-test-positive-for-bird-flu-as-infections-spread.html,health
"Bird flu latest updates: Wyoming confirms state's 1st human case of bird flu, bringing total to 70 across 13 states - Yahoo",Yahoo News provides the latest updates on the spread of bird flu in the U.S. and its effect on rising egg prices and shortages.,https://www.yahoo.com/news/live/bird-flu-latest-updates-wyoming-confirms-states-1st-human-case-of-bird-flu-bringing-total-to-70-across-13-states-163513945.html,health
Want better focus and a happier mind? This simple smartphone change could be the answer - PsyPost,"Feeling overwhelmed and distracted? New research reveals a potential solution: block mobile internet on your phone. The findings suggest it can boost your mood, sharpen focus, and improve mental well-being.",https://www.psypost.org/want-better-focus-and-a-happier-mind-this-simple-smartphone-change-could-be-the-answer/,health
"As egg prices soar, Trump administration plans new strategy to fight bird flu - The Associated Press","With egg prices soaring, the Trump administration is planning a new strategy for fighting bird flu that stresses vaccinations and tighter biosecurity instead of killing off millions of chickens when the disease strikes a flock. The director of the National Ec…",https://apnews.com/article/trump-administration-egg-prices-shortage-bird-flu-9a0dac14ed29ecacd7f0f913d602c3aa,health
Why We Keep Exploring Even After Learning the Best Strategy - Neuroscience News,A new study reveals that both humans and marmosets continue to adjust their behavior even after learning an optimal task strategy.,https://neurosciencenews.com/exploration-learning-neuroscience-24831/,health
New Mexico initiates milk testing program for avian flu this week - Source New Mexico,New Mexico will begin testing milk this week for a variant of avian influenza passing among dairy cows and raising concern for human spread.,https://sourcenm.com/2025/02/18/new-mexico-initiates-milk-testing-program-for-avian-flu-this-week/,health
Ten more measles cases—58 total—confirmed in Texas outbreak - University of Minnesota Twin Cities,"The latest update includes a case from Lubbock County, pushing the number of affected counties to 5.",https://www.cidrap.umn.edu/measles/ten-more-measles-cases-58-total-confirmed-texas-outbreak,health
"7-Day Mediterranean Diet Meal Plan for Healthy Aging, Created by a Dietitian - EatingWell","Increase your number of healthy years by following this 7-day Mediterranean diet meal plan to help promote longevity, created by a dietitian.",https://www.eatingwell.com/7-day-mediterranean-diet-meal-plan-for-healthy-aging-11681866,health
"Flu Skyrockets Across California, Claiming 11 Children - Patch","Nearly a third of CA lab specimens are coming back positive for influenza, and more than 750 people have died this flu season statewide.",https://patch.com/california/los-angeles/flu-skyrockets-across-california-claiming-11-children,health
Health | NEW: More Than 900 in Rhode Island With Flu and Norovirus Hospitalized This Winter - GoLocalProv,"The Rhode Island Department of Health (RIDOH) reports more than 900 people in Rhode Island have been hospitalized with influenza this flu season, the most since the 2019-2020 flu season.",https://www.golocalprov.com/health/new-more-than-900-in-rhode-island-with-flu-and-norovirus-hospitalized-this,health
Risk and future burden of dementia in the United States - National Institutes of Health,Researchers estimated that 42% of Americans over age 55 will eventually develop dementia.,https://www.nih.gov/news-events/nih-research-matters/risk-future-burden-dementia-united-states,health
Worst ultra-processed foods to buy from supermarkets and their healthy alternatives - The Times of India,Discover the worst ultra-processed foods in supermarkets and their healthier alternatives as America aims to combat the obesity epidemic and promote a healthier society. Learn how to make better food choices for you and your family.,https://timesofindia.indiatimes.com/life-style/food-news/worst-ultra-processed-foods-to-buy-from-supermarkets-and-their-healthy-alternatives/articleshow/118259826.cms,health
People are flocking to backyard chickens: Protect them from bird flu - Deseret News,How does bird flu spread? What is avian influenza? Can people get bird flu from backyard chickens? How can you prevent bird flu? Read more,https://www.deseret.com/lifestyle/2025/02/18/avian-influenza-protect-backyard-chickens-bird-flu/,health
Experts to gather in Miami to drive longevity research forward - Cointelegraph,Top experts will meet in the Magic City to discuss the latest developments in longevity research and shape the future of the field,https://cointelegraph.com/news/experts-to-gather-in-miami-to-drive-longevity-research-forward,health
Rihanna Is ‘Thankful’ for A$AP Rocky’s Acquittal in Instagram Note - Yahoo Entertainment,Rihanna issued her first statement via an Instagram photo after A$AP Rocky‘s acquittal on Tuesday in an assault case. The singer shared a note in her stories...,https://www.yahoo.com/entertainment/rihanna-thankful-ap-rocky-acquittal-092736917.html,entertainment
Blake Lively Alleges Justin Baldoni Made Other Women “Uncomfortable” On ‘It Ends With Us’ & Says They Will Testify At Trial; Defamation Claim Added To Suit - Deadline,"In a 141-page amended complaint, Blake Lively says other women who were uncomfortable around Justin Baldoni will testify at trial, adds defamation claim",http://deadline.com/2025/02/blake-lively-latest-lawsuit-justin-baldoni-1236294318/,entertainment
"Horoscope for Wednesday, February 19, 2025 - Chicago Sun-Times",,https://chicago.suntimes.com/horoscopes/2025/02/19/horoscopes-today-wednesday-february-19-2025,entertainment
Nicole Kidman and Keith Urban's Los Angeles home burglarized on Valentine's Day - ABC7 Los Angeles,"The Los Angeles home of actress Nicole Kidman and musician Keith Urban was burglarized on Valentine's Day, sources told ABC News.",https://abc7.com/post/nicole-kidman-keith-urbans-los-angeles-home-burglarized-valentines-day/15929412/,entertainment
B.J. Novak gives loving tribute to Office costar Mindy Kaling: 'We always knew you'd be famous' - Entertainment Weekly News,"Ryan and Kelly forever! B.J. Novak gives adorably touching tribute (and at times, roast) for his 'The Office' costar Mindy Kaling's Hollywood Walk of Fame star ceremony: 'We always knew you would be famous, but we had no idea how beautifully you’d handle the …",https://ew.com/bj-novak-loving-tribute-office-costar-mindy-kaling-11682104,entertainment
Top TNA Star Appears On WWE NXT - https://wrestletalk.com/,"A top TNA Wrestling star made a surprise appearance to kick off tonight's WWE NXT, challenging NXT Champion Oba Femi.",https://wrestletalk.com/news/top-tna-star-appears-wwe-nxt-moose/,entertainment
Jay-Z Claims Now Dismissed Rape Case Cost Him $20M In Lost Income; Was Timed To Embarrass Daughter Blue Ivy At ‘Mufasa’ Premiere - Deadline,Jay-Z claims now dismissed rape of a minor case cost him millions in biz opportunities & tried to shame him with Beyoncé & Blue Ivy.,http://deadline.com/2025/02/jay-z-extortion-case-latest-sean-diddy-combs-1236293993/,entertainment
Of Course Justin Baldoni’s Lawyer Saw Ryan Reynolds’s SNL Cameo - Vulture,What — did you think a singular sentence from Ryan Reynolds alluding to the Justin Baldoni–Blake Lively legal drama during ‘SNL50’ wouldn’t somehow become a thing?,http://www.vulture.com/article/justin-baldoni-ryan-reynolds-snl50.html,entertainment
"Patricia Heaton says 'The Middle,' 'Everybody Loves Raymond' were TV 'perfection' and don't need reboots - Yahoo Entertainment","Patricia Heaton, whose most recent movie is ""The Unbreakable Boy,"" calls it ""a beautiful thing"" that TikTok has brought new fans to the sitcom ""The Middle.""",https://www.yahoo.com/entertainment/patricia-heaton-says-the-middle-everybody-loves-raymond-were-tv-perfection-and-dont-need-reboots-224747298.html,entertainment
Winnie Harlow Is Engaged to Kyle Kuzma - The Cut,Model Winnie Harlow and NBA star Kyle Kuzma are engaged. Kuzma popped the big question on February 13 in a private jet full of roses and chocolate.,http://www.thecut.com/article/winnie-harlow-kyle-kuzma-engaged.html,entertainment
"Kevin Spacey Tells Guy Pearce to ‘Grow Up,’ Denies Claim He ‘Targeted’ Actor - Rolling Stone",Kevin Spacey told Guy Pearce to 'grow up' after the latter said his 'L.A. Confidential' co-star 'targeted' him while making the 1997 movie.,http://www.rollingstone.com/tv-movies/tv-movie-news/kevin-spacey-dismisses-guy-pearce-claim-targeted-1235271640/,entertainment
Michael Vlamis & Iddo Goldberg Latest To Join Christopher Nolan’s ‘The Odyssey’ At Universal - Deadline,Universal's 'The Odyssey' has tapped Michael Vlamis & Iddo Goldberg for undisclosed roles.,http://deadline.com/2025/02/the-odyssey-movie-adds-michael-vlamis-iddo-goldberg-1236293990/,entertainment
'Bad Flu' Kept Dana Carvey Away From SNL's 50th - LateNighter,"We're now learning why one of Sunday night's SNL anniversary special's more conspicuous no-shows wasn't there. Dana Carvey was reportedly sidelined by ""a bad flu.""",https://latenighter.com/news/a-bad-flu-kept-dana-carvey-away-from-snls-50th/,entertainment
"MAGA Outrage Over Tom Hanks’ ‘SNL50’ Sketch Is Understandable, Says Joy Behar: They Made ‘Anyone Who Voted for Trump Look Like a Racist’ - AOL",,https://www.aol.com/maga-outrage-over-tom-hanks-203727408.html,entertainment
"John Malkovich Rejected Marvel Offers Because of Bad Deals: ‘If You’re Going to Hang From a Crane in Front of Green Screen for Six Months, Pay Me’ - Variety","Before John Malkovich said yes to ""The Fantastic Four: First Steps,"" he rejected a few Marvel roles because the pay wasn't good enough.",https://variety.com/2025/film/news/john-malkovich-marvel-movies-bad-pay-fantastic-four-1236311544/,entertainment
TV Ratings: ‘White Lotus’ Sets New Premiere High With Season 3 Debut - Hollywood Reporter,"The show draws 2.4 million viewers for its opening night, up substantially from the previous edition.",http://www.hollywoodreporter.com/tv/tv-news/white-lotus-season-3-premiere-ratings-1236140012/,entertainment
Nike Stock Climbs After It Announces Partnership with Kim Kardashian's SKIMS - Investopedia,Nike is joining forces with reality TV star Kim Kardashian's shapeware and clothing brand in an effort to get more women to purchase Nike products.,https://www.investopedia.com/nike-stock-climbs-after-it-announces-partnership-with-kim-kardashian-s-skims-11681436,entertainment
A Universe in Ruins - The Ringer,"After a few wobbly years post-‘Endgame,’ ‘Captain America: Brave New World’ was meant to put the MCU back on track. Now the Red Hulk has come and gone, and things somehow feel even more dire.",https://www.theringer.com/2025/02/18/movies/captain-america-brave-new-world-review-mcu-future,entertainment
YouTuber Lee Jin Ho takes down all videos related to Kim Sae Ron after Kim Sae Ron's father stated the late actress was extremely stressed watching his videos - allkpop,All videos related to the late Kim&nbsp;Sae Ron have been made private on YouTube reporter&nbsp;Lee Jin Ho's&nbsp;channel.As of Februar…,https://www.allkpop.com/article/2025/02/youtuber-lee-jin-ho-takes-down-all-videos-related-to-the-late-kim-sae-ron-after-kim-sae-rons-father-stated-the-late-actress-was-extremely-stressed-watching-his-videos,entertainment
Meghan Markle’s Jam Business Has a New Name - The Cut,Meghan Markle has revamped her lifestyle brand-slash-jam company with a name that is both easier to say and less likely to get her into a patent dispute.,http://www.thecut.com/article/meghan-markle-new-as-ever-lifestyle-brand.html,entertainment
Chinese scientists unveil potential game-changer in use of superconductors - South China Morning Post,It makes nickel just the third class of materials to achieve this feat above the threshold of minus 233 degrees Celsius at ‘normal’ pressure.,https://www.scmp.com/news/china/science/article/3299254/chinese-scientists-create-new-superconducting-material-based-nickel,science
Why ‘city-killer’ asteroid YR4’s impact probability keeps increasing - Big Think,"Asteroid 2024 YR4, which could devastate a city's worth of humans, has gone from 1.2% to 2.3% to 2.6% to 3.1% chances of impact. Here's why.",https://bigthink.com/starts-with-a-bang/city-killer-asteroid-yr4-impact-probability/,science
Scientists Put a Human Language Gene Into Mice And Changed Their Voice - ScienceAlert,A new contender for a human 'language gene' can change the way that mice squeak when it is incorporated into their DNA.,https://www.sciencealert.com/scientists-put-a-human-language-gene-into-mice-and-changed-their-voice,science
Science suggests we should stop using ‘bird brain’ as a barb - Financial Times,The gap between avian and mammalian cognition may be narrower than we think,https://www.ft.com/content/61950379-f7d0-45c9-9903-9e38903b8a42,science
From Metal Rain to Roaring Jet Streams: The First 3D Look at an Alien Atmosphere - SciTechDaily,"Astronomers have unlocked a new way to explore alien worlds by mapping the 3D structure of an exoplanet’s atmosphere for the first time. Using ESO’s Very Large Telescope, they discovered extreme winds carrying iron and titanium across the skies of WASP-121b, …",https://scitechdaily.com/?p=456033,science
'Missing' Planet to Join a Rare Cosmic Lineup This Week - ScienceAlert,One planet was missing from the sunset lineup… until now.,https://www.sciencealert.com/missing-planet-to-join-a-rare-cosmic-lineup-this-week,science
SpaceX launches Starlink 10-12 mission from Cape Canaveral in Florida - Florida Today,"SpaceX launches Falcon 9 rocket on Starlink 10-12 mission at 6:21 p.m. Tuesday, Feb. 18, from Cape Canaveral Space Force Station in Florida.",https://www.floridatoday.com/picture-gallery/tech/science/space/2025/02/18/spacex-launches-starlink-10-12-mission-from-cape-canaveral-space-force-station-in-florida/78959951007/,science
Extreme Drop in Oxygen Will Eventually Suffocate Most Life on Earth - ScienceAlert,"For now, life is flourishing on our oxygen-rich planet, but Earth wasn't always that way – and scientists have predicted that, in the future, the atmosphere will revert back to one that's rich in methane and low in oxygen.",https://www.sciencealert.com/extreme-drop-in-oxygen-will-eventually-suffocate-most-life-on-earth,science
Blood moon 2025: How to see the moon turn red over North America during March's total lunar eclipse - Livescience.com,"Here's everything you need to know about how to see the first ""blood moon"" total lunar eclipse since 2022, and the only one visible from North America this year, when it rises in March.",https://www.livescience.com/space/the-moon/blood-moon-2025-how-to-see-the-moon-turn-red-over-north-america-during-marchs-total-lunar-eclipse,science
Japan's Resilience moon lander aces lunar flyby ahead of historic touchdown try (photo) - Space.com,"Resilience came within 5,220 miles (8,400 kilometers) of the lunar surface on Feb. 14.",https://www.space.com/japan-ispace-resilience-moon-lander-aces-flyby-ahead-of-touchdown,science
This “Impossible” Crystal Is Changing What We Know About Reality - SciTechDaily,"Once thought impossible, quasicrystals revealed a hidden order that challenges our understanding of materials. Their structure follows rules from higher dimensions, influencing both their mechanical and topological properties. Recent research has uncovered bi…",https://scitechdaily.com/?p=455645,science
Is Pluto a planet or not? Who cares! Our love for the King of the Kuiper Belt is stronger than ever 95 years later - Space.com,"The controversy endures over Pluto's true status, but the solar system underdog continues to capture hearts across the globe.",https://www.space.com/the-universe/pluto/is-pluto-a-planet-or-not-who-cares-our-love-for-the-king-of-the-kuiper-belt-is-stronger-than-ever-95-years-later,science
What scientists learned from a well-preserved fossil of this iconic Jurassic-era species - ABC News,,https://abcnews.go.com/International/discovery-well-preserved-fossil-iconic-jurassic-era-dinosaur/story?id\\u003d118922304,science
NASA Sets Briefings for Next International Space Station Crew Missions - NASA,"NASA and its partners will discuss the upcoming Expedition 73 mission aboard the International Space Station during a pair of news conferences on Monday, Feb.",https://www.nasa.gov/news-release/nasa-sets-briefings-for-next-international-space-station-crew-missions-2/,science
Jupiter's moon Callisto is very likely an ocean world - Phys.org,"More pocked with craters than any other object in our solar system, Jupiter's outermost and second-biggest Galilean moon, Callisto, appears geologically unremarkable. In the 1990s, however, NASA's Galileo spacecraft captured magnetic measurements near Callist…",https://phys.org/news/2025-02-jupiter-moon-callisto-ocean-world.html,science
Video shows 30-million-year-old skull of apex predator that could solve extinction riddle - USA TODAY,"Scientists in Egypt discovered a not-before-known apex predator that lived 30 million years ago, potentially helping to solve an extinction mystery.",https://www.usatoday.com/story/news/world/2025/02/18/bastetodon-syrtos-egypt-video/79067961007/,science
Northern Lights Forecast: Here’s Where Aurora Borealis May Appear Tonight - Forbes,"Several states along the Canadian border may have an opportunity to see the phenomenon, forecasters said.",https://www.forbes.com/sites/tylerroush/2025/02/18/northern-lights-forecast-heres-where-aurora-borealis-may-appear-tonight/,science
Network analysis identifies 15 key motives driving human behavior - Phys.org,"Researchers at HSE University and the London School of Hygiene and Tropical Medicine have identified 15 key motives that drive human behavior. By analyzing people's views, preferences, and actions through an evolutionary lens, they demonstrated how these moti…",https://phys.org/news/2025-02-network-analysis-key-human-behavior.html,science
GEM-63XL motor test fired at Promontory as part of Vulcan Cert-2 investigation - NASASpaceflight.com,"After Vulcan’s otherwise successful second certification mission (Cert-2) on Oct. 4, 2024, was marred by…",https://www.nasaspaceflight.com/2025/02/gem-63xl-test-fire/,science
BYU hands No. 23 Kansas back-to-back losses with 3rd straight win - KSL.com,"Richie Saunders erupted for 22 points with three assists and four 3-pointers, and BYU shot 53% from the field in a wire-to-wire rout of the Jayhawks.",https://www.ksl.com/article/51256357/byu-hands-no-23-kansas-back-to-back-losses-with-3rd-straight-win,general
Musk-linked group flexes its muscle in a crucial Supreme Court race in Wisconsin - POLITICO,"Not satisfied with massively remaking Washington, the tech mogul’s allies look to exert his influence in the states.",https://www.politico.com/news/2025/02/18/elon-musk-wisconsin-supreme-court-00204791,general
HSBC Expects Revamp to Cost $1.8 Billion Over Two Years - Bloomberg,HSBC Holdings Plc will incur $1.8 billion in charges over the next two years as it embarks on a global restructuring program that has seen the lender shutter some of its businesses and slash management ranks.,https://www.bloomberg.com/news/articles/2025-02-19/hsbc-sees-1-8-billion-cost-over-two-years-in-elhedery-revamp,general
Kansas lawmakers reverse veto of ban on transgender care for minors - The Washington Post,The decision by the GOP-controlled legislature follows similar moves by about two dozen other states. Kansas’s Democratic governor had vetoed the bill last year.,https://www.washingtonpost.com/nation/2025/02/18/kansas-transgender-care-veto-overturned/,general
"Trump plans to impose 25% tariffs on autos, chips and pharmaceuticals - CNN",President Donald Trump said on Tuesday that he plans to impose tariffs of around 25% on auto imports as well as semiconductors and pharmaceuticals shipped to the United States as early as April 2.,https://www.cnn.com/2025/02/19/economy/us-new-tariff-plans-trump-intl-hnk/index.html,general
"Pope Francis, still hospitalized, has pneumonia in both lungs - The Washington Post",Vatican officials cleared his schedule through the weekend due a “complex” infection plaguing the 88-year-old pontiff.,https://www.washingtonpost.com/world/2025/02/18/pope-francis-pneumonia-hospitalized/,general
Dominican officials cram thousands of inmates facing no charges into overcrowded prisons - NPR,"Despite promises to improve the system, problems within prisons keep mounting. Critics say the Dominican Republic continues to push for pretrial detentions in cases where no charges have been filed.",https://www.npr.org/2025/02/19/nx-s1-5301669/dominican-republic-prisons-overcrowding,general
"Horoscope for Wednesday, February 19, 2025 - Chicago Sun-Times",,https://chicago.suntimes.com/horoscopes/2025/02/19/horoscopes-today-wednesday-february-19-2025,general
"Asian Stock Rally Pauses, China Tech Shares Gain: Markets Wrap - Yahoo Finance","(Bloomberg) -- Asian stocks pulled back after a five-day rally that pushed a regional gauge into overbought territory, as investors turned cautious amid...",https://finance.yahoo.com/news/asia-traders-cautious-trump-floats-225452223.html,general
"Key takeaways from ""brothers"" Trump and Musk's ""Hannity"" interview - Axios",Trump revealed how much X paid him to settle his lawsuit over Twitter's ban following the Jan. 6 Capitol riot.,https://www.axios.com/2025/02/19/trump-musk-hannity-takeaways,general
iPhone 16E Name is Increasingly Likely Instead of iPhone SE 4 - MacRumors,"Apple is expected to announce a new entry-level iPhone model tomorrow, and it is increasingly likely that the device will be named iPhone 16E.   Most...",https://www.macrumors.com/2025/02/18/iphone-16e-name-is-likely/,general
From Metal Rain to Roaring Jet Streams: The First 3D Look at an Alien Atmosphere - SciTechDaily,"Astronomers have unlocked a new way to explore alien worlds by mapping the 3D structure of an exoplanet’s atmosphere for the first time. Using ESO’s Very Large Telescope, they discovered extreme winds carrying iron and titanium across the skies of WASP-121b, …",https://scitechdaily.com/?p=456033,general
Google app on iOS removing Gemini as it pushes users to full app - 9to5Google,The Google app for iOS is removing Gemini support as the company pushes iPhone users to the full Gemini app.,http://9to5google.com/2025/02/18/google-app-removes-gemini/,general
More than 150 whales stranded on remote Australian beach - BBC.com,"Though 90 of the 157 stranded whales survived, they could not be saved due to complex conditions.",https://www.bbc.com/news/articles/cd7e38py4geo,general
2 backcountry skiers are killed in an Oregon avalanche - The Associated Press,Search and rescue crews have recovered the bodies of two backcountry skiers buried in an avalanche in Oregon. The Deschutes County Sheriff's Office announced that the bodies were recovered Tuesday in the Cascade Mountains. The names of the two people killed h…,https://apnews.com/article/avalanche-bend-oregon-cascades-snowmobile-08599a6c0768c888273825035bd40119,general
TGL results: Tiger Woods makes 'embarrassing' mistake as Jupiter Links GC gets routed by New York Golf Club - CBS Sports,"Woods is usually on his game, but neither he nor Jupiter Links were in the zone on Tuesday night in the fourth TGL match across two days",https://www.cbssports.com/golf/news/tgl-results-tiger-woods-makes-embarrassing-mistake-as-jupiter-links-gc-gets-routed-by-new-york-golf-club/,general
Judge Chutkan rejects call from Democratic AGs for temporary restraining order blocking DOGE’s access to federal data - CNN,A federal judge declined on Tuesday to temporarily block Elon Musk and his Department of Government Efficiency from accessing federal data systems at a slew of executive branch agencies.,https://www.cnn.com/2025/02/18/politics/doge-temporary-restraining-order-chutkan/index.html,general
BYU hands No. 23 Kansas back-to-back losses with 3rd straight win - KSL.com,"Richie Saunders erupted for 22 points with three assists and four 3-pointers, and BYU shot 53% from the field in a wire-to-wire rout of the Jayhawks.",https://www.ksl.com/article/51256357/byu-hands-no-23-kansas-back-to-back-losses-with-3rd-straight-win,politics
Musk-linked group flexes its muscle in a crucial Supreme Court race in Wisconsin - POLITICO,"Not satisfied with massively remaking Washington, the tech mogul’s allies look to exert his influence in the states.",https://www.politico.com/news/2025/02/18/elon-musk-wisconsin-supreme-court-00204791,politics
HSBC Expects Revamp to Cost $1.8 Billion Over Two Years - Bloomberg,HSBC Holdings Plc will incur $1.8 billion in charges over the next two years as it embarks on a global restructuring program that has seen the lender shutter some of its businesses and slash management ranks.,https://www.bloomberg.com/news/articles/2025-02-19/hsbc-sees-1-8-billion-cost-over-two-years-in-elhedery-revamp,politics
Kansas lawmakers reverse veto of ban on transgender care for minors - The Washington Post,The decision by the GOP-controlled legislature follows similar moves by about two dozen other states. Kansas’s Democratic governor had vetoed the bill last year.,https://www.washingtonpost.com/nation/2025/02/18/kansas-transgender-care-veto-overturned/,politics
"Trump plans to impose 25% tariffs on autos, chips and pharmaceuticals - CNN",President Donald Trump said on Tuesday that he plans to impose tariffs of around 25% on auto imports as well as semiconductors and pharmaceuticals shipped to the United States as early as April 2.,https://www.cnn.com/2025/02/19/economy/us-new-tariff-plans-trump-intl-hnk/index.html,politics
"Pope Francis, still hospitalized, has pneumonia in both lungs - The Washington Post",Vatican officials cleared his schedule through the weekend due a “complex” infection plaguing the 88-year-old pontiff.,https://www.washingtonpost.com/world/2025/02/18/pope-francis-pneumonia-hospitalized/,politics
Dominican officials cram thousands of inmates facing no charges into overcrowded prisons - NPR,"Despite promises to improve the system, problems within prisons keep mounting. Critics say the Dominican Republic continues to push for pretrial detentions in cases where no charges have been filed.",https://www.npr.org/2025/02/19/nx-s1-5301669/dominican-republic-prisons-overcrowding,politics
"Horoscope for Wednesday, February 19, 2025 - Chicago Sun-Times",,https://chicago.suntimes.com/horoscopes/2025/02/19/horoscopes-today-wednesday-february-19-2025,politics
"Asian Stock Rally Pauses, China Tech Shares Gain: Markets Wrap - Yahoo Finance","(Bloomberg) -- Asian stocks pulled back after a five-day rally that pushed a regional gauge into overbought territory, as investors turned cautious amid...",https://finance.yahoo.com/news/asia-traders-cautious-trump-floats-225452223.html,politics
"Key takeaways from ""brothers"" Trump and Musk's ""Hannity"" interview - Axios",Trump revealed how much X paid him to settle his lawsuit over Twitter's ban following the Jan. 6 Capitol riot.,https://www.axios.com/2025/02/19/trump-musk-hannity-takeaways,politics
iPhone 16E Name is Increasingly Likely Instead of iPhone SE 4 - MacRumors,"Apple is expected to announce a new entry-level iPhone model tomorrow, and it is increasingly likely that the device will be named iPhone 16E.   Most...",https://www.macrumors.com/2025/02/18/iphone-16e-name-is-likely/,politics
From Metal Rain to Roaring Jet Streams: The First 3D Look at an Alien Atmosphere - SciTechDaily,"Astronomers have unlocked a new way to explore alien worlds by mapping the 3D structure of an exoplanet’s atmosphere for the first time. Using ESO’s Very Large Telescope, they discovered extreme winds carrying iron and titanium across the skies of WASP-121b, …",https://scitechdaily.com/?p=456033,politics
Google app on iOS removing Gemini as it pushes users to full app - 9to5Google,The Google app for iOS is removing Gemini support as the company pushes iPhone users to the full Gemini app.,http://9to5google.com/2025/02/18/google-app-removes-gemini/,politics
More than 150 whales stranded on remote Australian beach - BBC.com,"Though 90 of the 157 stranded whales survived, they could not be saved due to complex conditions.",https://www.bbc.com/news/articles/cd7e38py4geo,politics
2 backcountry skiers are killed in an Oregon avalanche - The Associated Press,Search and rescue crews have recovered the bodies of two backcountry skiers buried in an avalanche in Oregon. The Deschutes County Sheriff's Office announced that the bodies were recovered Tuesday in the Cascade Mountains. The names of the two people killed h…,https://apnews.com/article/avalanche-bend-oregon-cascades-snowmobile-08599a6c0768c888273825035bd40119,politics
TGL results: Tiger Woods makes 'embarrassing' mistake as Jupiter Links GC gets routed by New York Golf Club - CBS Sports,"Woods is usually on his game, but neither he nor Jupiter Links were in the zone on Tuesday night in the fourth TGL match across two days",https://www.cbssports.com/golf/news/tgl-results-tiger-woods-makes-embarrassing-mistake-as-jupiter-links-gc-gets-routed-by-new-york-golf-club/,politics
Judge Chutkan rejects call from Democratic AGs for temporary restraining order blocking DOGE’s access to federal data - CNN,A federal judge declined on Tuesday to temporarily block Elon Musk and his Department of Government Efficiency from accessing federal data systems at a slew of executive branch agencies.,https://www.cnn.com/2025/02/18/politics/doge-temporary-restraining-order-chutkan/index.html,politics
Rihanna Is ‘Thankful’ for A$AP Rocky’s Acquittal in Instagram Note - Yahoo Entertainment,Rihanna issued her first statement via an Instagram photo after A$AP Rocky‘s acquittal on Tuesday in an assault case. The singer shared a note in her stories...,https://www.yahoo.com/entertainment/rihanna-thankful-ap-rocky-acquittal-092736917.html,gaming
Blake Lively Alleges Justin Baldoni Made Other Women “Uncomfortable” On ‘It Ends With Us’ & Says They Will Testify At Trial; Defamation Claim Added To Suit - Deadline,"In a 141-page amended complaint, Blake Lively says other women who were uncomfortable around Justin Baldoni will testify at trial, adds defamation claim",http://deadline.com/2025/02/blake-lively-latest-lawsuit-justin-baldoni-1236294318/,gaming
"Horoscope for Wednesday, February 19, 2025 - Chicago Sun-Times",,https://chicago.suntimes.com/horoscopes/2025/02/19/horoscopes-today-wednesday-february-19-2025,gaming
Nicole Kidman and Keith Urban's Los Angeles home burglarized on Valentine's Day - ABC7 Los Angeles,"The Los Angeles home of actress Nicole Kidman and musician Keith Urban was burglarized on Valentine's Day, sources told ABC News.",https://abc7.com/post/nicole-kidman-keith-urbans-los-angeles-home-burglarized-valentines-day/15929412/,gaming
B.J. Novak gives loving tribute to Office costar Mindy Kaling: 'We always knew you'd be famous' - Entertainment Weekly News,"Ryan and Kelly forever! B.J. Novak gives adorably touching tribute (and at times, roast) for his 'The Office' costar Mindy Kaling's Hollywood Walk of Fame star ceremony: 'We always knew you would be famous, but we had no idea how beautifully you’d handle the …",https://ew.com/bj-novak-loving-tribute-office-costar-mindy-kaling-11682104,gaming
Top TNA Star Appears On WWE NXT - https://wrestletalk.com/,"A top TNA Wrestling star made a surprise appearance to kick off tonight's WWE NXT, challenging NXT Champion Oba Femi.",https://wrestletalk.com/news/top-tna-star-appears-wwe-nxt-moose/,gaming
Jay-Z Claims Now Dismissed Rape Case Cost Him $20M In Lost Income; Was Timed To Embarrass Daughter Blue Ivy At ‘Mufasa’ Premiere - Deadline,Jay-Z claims now dismissed rape of a minor case cost him millions in biz opportunities & tried to shame him with Beyoncé & Blue Ivy.,http://deadline.com/2025/02/jay-z-extortion-case-latest-sean-diddy-combs-1236293993/,gaming
Of Course Justin Baldoni’s Lawyer Saw Ryan Reynolds’s SNL Cameo - Vulture,What — did you think a singular sentence from Ryan Reynolds alluding to the Justin Baldoni–Blake Lively legal drama during ‘SNL50’ wouldn’t somehow become a thing?,http://www.vulture.com/article/justin-baldoni-ryan-reynolds-snl50.html,gaming
"Patricia Heaton says 'The Middle,' 'Everybody Loves Raymond' were TV 'perfection' and don't need reboots - Yahoo Entertainment","Patricia Heaton, whose most recent movie is ""The Unbreakable Boy,"" calls it ""a beautiful thing"" that TikTok has brought new fans to the sitcom ""The Middle.""",https://www.yahoo.com/entertainment/patricia-heaton-says-the-middle-everybody-loves-raymond-were-tv-perfection-and-dont-need-reboots-224747298.html,gaming
Winnie Harlow Is Engaged to Kyle Kuzma - The Cut,Model Winnie Harlow and NBA star Kyle Kuzma are engaged. Kuzma popped the big question on February 13 in a private jet full of roses and chocolate.,http://www.thecut.com/article/winnie-harlow-kyle-kuzma-engaged.html,gaming
"Kevin Spacey Tells Guy Pearce to ‘Grow Up,’ Denies Claim He ‘Targeted’ Actor - Rolling Stone",Kevin Spacey told Guy Pearce to 'grow up' after the latter said his 'L.A. Confidential' co-star 'targeted' him while making the 1997 movie.,http://www.rollingstone.com/tv-movies/tv-movie-news/kevin-spacey-dismisses-guy-pearce-claim-targeted-1235271640/,gaming
Michael Vlamis & Iddo Goldberg Latest To Join Christopher Nolan’s ‘The Odyssey’ At Universal - Deadline,Universal's 'The Odyssey' has tapped Michael Vlamis & Iddo Goldberg for undisclosed roles.,http://deadline.com/2025/02/the-odyssey-movie-adds-michael-vlamis-iddo-goldberg-1236293990/,gaming
'Bad Flu' Kept Dana Carvey Away From SNL's 50th - LateNighter,"We're now learning why one of Sunday night's SNL anniversary special's more conspicuous no-shows wasn't there. Dana Carvey was reportedly sidelined by ""a bad flu.""",https://latenighter.com/news/a-bad-flu-kept-dana-carvey-away-from-snls-50th/,gaming
"MAGA Outrage Over Tom Hanks’ ‘SNL50’ Sketch Is Understandable, Says Joy Behar: They Made ‘Anyone Who Voted for Trump Look Like a Racist’ - AOL",,https://www.aol.com/maga-outrage-over-tom-hanks-203727408.html,gaming
"John Malkovich Rejected Marvel Offers Because of Bad Deals: ‘If You’re Going to Hang From a Crane in Front of Green Screen for Six Months, Pay Me’ - Variety","Before John Malkovich said yes to ""The Fantastic Four: First Steps,"" he rejected a few Marvel roles because the pay wasn't good enough.",https://variety.com/2025/film/news/john-malkovich-marvel-movies-bad-pay-fantastic-four-1236311544/,gaming
TV Ratings: ‘White Lotus’ Sets New Premiere High With Season 3 Debut - Hollywood Reporter,"The show draws 2.4 million viewers for its opening night, up substantially from the previous edition.",http://www.hollywoodreporter.com/tv/tv-news/white-lotus-season-3-premiere-ratings-1236140012/,gaming
Nike Stock Climbs After It Announces Partnership with Kim Kardashian's SKIMS - Investopedia,Nike is joining forces with reality TV star Kim Kardashian's shapeware and clothing brand in an effort to get more women to purchase Nike products.,https://www.investopedia.com/nike-stock-climbs-after-it-announces-partnership-with-kim-kardashian-s-skims-11681436,gaming
A Universe in Ruins - The Ringer,"After a few wobbly years post-‘Endgame,’ ‘Captain America: Brave New World’ was meant to put the MCU back on track. Now the Red Hulk has come and gone, and things somehow feel even more dire.",https://www.theringer.com/2025/02/18/movies/captain-america-brave-new-world-review-mcu-future,gaming
YouTuber Lee Jin Ho takes down all videos related to Kim Sae Ron after Kim Sae Ron's father stated the late actress was extremely stressed watching his videos - allkpop,All videos related to the late Kim&nbsp;Sae Ron have been made private on YouTube reporter&nbsp;Lee Jin Ho's&nbsp;channel.As of Februar…,https://www.allkpop.com/article/2025/02/youtuber-lee-jin-ho-takes-down-all-videos-related-to-the-late-kim-sae-ron-after-kim-sae-rons-father-stated-the-late-actress-was-extremely-stressed-watching-his-videos,gaming
Meghan Markle’s Jam Business Has a New Name - The Cut,Meghan Markle has revamped her lifestyle brand-slash-jam company with a name that is both easier to say and less likely to get her into a patent dispute.,http://www.thecut.com/article/meghan-markle-new-as-ever-lifestyle-brand.html,gaming
Rihanna Is ‘Thankful’ for A$AP Rocky’s Acquittal in Instagram Note - Yahoo Entertainment,Rihanna issued her first statement via an Instagram photo after A$AP Rocky‘s acquittal on Tuesday in an assault case. The singer shared a note in her stories...,https://www.yahoo.com/entertainment/rihanna-thankful-ap-rocky-acquittal-092736917.html,music
Blake Lively Alleges Justin Baldoni Made Other Women “Uncomfortable” On ‘It Ends With Us’ & Says They Will Testify At Trial; Defamation Claim Added To Suit - Deadline,"In a 141-page amended complaint, Blake Lively says other women who were uncomfortable around Justin Baldoni will testify at trial, adds defamation claim",http://deadline.com/2025/02/blake-lively-latest-lawsuit-justin-baldoni-1236294318/,music
"Horoscope for Wednesday, February 19, 2025 - Chicago Sun-Times",,https://chicago.suntimes.com/horoscopes/2025/02/19/horoscopes-today-wednesday-february-19-2025,music
Nicole Kidman and Keith Urban's Los Angeles home burglarized on Valentine's Day - ABC7 Los Angeles,"The Los Angeles home of actress Nicole Kidman and musician Keith Urban was burglarized on Valentine's Day, sources told ABC News.",https://abc7.com/post/nicole-kidman-keith-urbans-los-angeles-home-burglarized-valentines-day/15929412/,music
B.J. Novak gives loving tribute to Office costar Mindy Kaling: 'We always knew you'd be famous' - Entertainment Weekly News,"Ryan and Kelly forever! B.J. Novak gives adorably touching tribute (and at times, roast) for his 'The Office' costar Mindy Kaling's Hollywood Walk of Fame star ceremony: 'We always knew you would be famous, but we had no idea how beautifully you’d handle the …",https://ew.com/bj-novak-loving-tribute-office-costar-mindy-kaling-11682104,music
Top TNA Star Appears On WWE NXT - https://wrestletalk.com/,"A top TNA Wrestling star made a surprise appearance to kick off tonight's WWE NXT, challenging NXT Champion Oba Femi.",https://wrestletalk.com/news/top-tna-star-appears-wwe-nxt-moose/,music
Jay-Z Claims Now Dismissed Rape Case Cost Him $20M In Lost Income; Was Timed To Embarrass Daughter Blue Ivy At ‘Mufasa’ Premiere - Deadline,Jay-Z claims now dismissed rape of a minor case cost him millions in biz opportunities & tried to shame him with Beyoncé & Blue Ivy.,http://deadline.com/2025/02/jay-z-extortion-case-latest-sean-diddy-combs-1236293993/,music
Of Course Justin Baldoni’s Lawyer Saw Ryan Reynolds’s SNL Cameo - Vulture,What — did you think a singular sentence from Ryan Reynolds alluding to the Justin Baldoni–Blake Lively legal drama during ‘SNL50’ wouldn’t somehow become a thing?,http://www.vulture.com/article/justin-baldoni-ryan-reynolds-snl50.html,music
"Patricia Heaton says 'The Middle,' 'Everybody Loves Raymond' were TV 'perfection' and don't need reboots - Yahoo Entertainment","Patricia Heaton, whose most recent movie is ""The Unbreakable Boy,"" calls it ""a beautiful thing"" that TikTok has brought new fans to the sitcom ""The Middle.""",https://www.yahoo.com/entertainment/patricia-heaton-says-the-middle-everybody-loves-raymond-were-tv-perfection-and-dont-need-reboots-224747298.html,music
Winnie Harlow Is Engaged to Kyle Kuzma - The Cut,Model Winnie Harlow and NBA star Kyle Kuzma are engaged. Kuzma popped the big question on February 13 in a private jet full of roses and chocolate.,http://www.thecut.com/article/winnie-harlow-kyle-kuzma-engaged.html,music
"Kevin Spacey Tells Guy Pearce to ‘Grow Up,’ Denies Claim He ‘Targeted’ Actor - Rolling Stone",Kevin Spacey told Guy Pearce to 'grow up' after the latter said his 'L.A. Confidential' co-star 'targeted' him while making the 1997 movie.,http://www.rollingstone.com/tv-movies/tv-movie-news/kevin-spacey-dismisses-guy-pearce-claim-targeted-1235271640/,music
Michael Vlamis & Iddo Goldberg Latest To Join Christopher Nolan’s ‘The Odyssey’ At Universal - Deadline,Universal's 'The Odyssey' has tapped Michael Vlamis & Iddo Goldberg for undisclosed roles.,http://deadline.com/2025/02/the-odyssey-movie-adds-michael-vlamis-iddo-goldberg-1236293990/,music
'Bad Flu' Kept Dana Carvey Away From SNL's 50th - LateNighter,"We're now learning why one of Sunday night's SNL anniversary special's more conspicuous no-shows wasn't there. Dana Carvey was reportedly sidelined by ""a bad flu.""",https://latenighter.com/news/a-bad-flu-kept-dana-carvey-away-from-snls-50th/,music
"MAGA Outrage Over Tom Hanks’ ‘SNL50’ Sketch Is Understandable, Says Joy Behar: They Made ‘Anyone Who Voted for Trump Look Like a Racist’ - AOL",,https://www.aol.com/maga-outrage-over-tom-hanks-203727408.html,music
"John Malkovich Rejected Marvel Offers Because of Bad Deals: ‘If You’re Going to Hang From a Crane in Front of Green Screen for Six Months, Pay Me’ - Variety","Before John Malkovich said yes to ""The Fantastic Four: First Steps,"" he rejected a few Marvel roles because the pay wasn't good enough.",https://variety.com/2025/film/news/john-malkovich-marvel-movies-bad-pay-fantastic-four-1236311544/,music
TV Ratings: ‘White Lotus’ Sets New Premiere High With Season 3 Debut - Hollywood Reporter,"The show draws 2.4 million viewers for its opening night, up substantially from the previous edition.",http://www.hollywoodreporter.com/tv/tv-news/white-lotus-season-3-premiere-ratings-1236140012/,music
Nike Stock Climbs After It Announces Partnership with Kim Kardashian's SKIMS - Investopedia,Nike is joining forces with reality TV star Kim Kardashian's shapeware and clothing brand in an effort to get more women to purchase Nike products.,https://www.investopedia.com/nike-stock-climbs-after-it-announces-partnership-with-kim-kardashian-s-skims-11681436,music
A Universe in Ruins - The Ringer,"After a few wobbly years post-‘Endgame,’ ‘Captain America: Brave New World’ was meant to put the MCU back on track. Now the Red Hulk has come and gone, and things somehow feel even more dire.",https://www.theringer.com/2025/02/18/movies/captain-america-brave-new-world-review-mcu-future,music
YouTuber Lee Jin Ho takes down all videos related to Kim Sae Ron after Kim Sae Ron's father stated the late actress was extremely stressed watching his videos - allkpop,All videos related to the late Kim&nbsp;Sae Ron have been made private on YouTube reporter&nbsp;Lee Jin Ho's&nbsp;channel.As of Februar…,https://www.allkpop.com/article/2025/02/youtuber-lee-jin-ho-takes-down-all-videos-related-to-the-late-kim-sae-ron-after-kim-sae-rons-father-stated-the-late-actress-was-extremely-stressed-watching-his-videos,music
Meghan Markle’s Jam Business Has a New Name - The Cut,Meghan Markle has revamped her lifestyle brand-slash-jam company with a name that is both easier to say and less likely to get her into a patent dispute.,http://www.thecut.com/article/meghan-markle-new-as-ever-lifestyle-brand.html,music
